{
  "ESP_mean_smoothed": 0.2073102521796091,
  "ESP_median_smoothed": 0.1729663752524076,
  "GENERO_CAPSU_mean_smoothed": 0.0751396691147626,
  "GENERO_TRIM_mean_smoothed": 0.0689034107053404,
  "GENERO_mean_smoothed": 0.06311473833761608,
  "GENERO_median_smoothed": 0.060546965484820955,
  "GENERO_TRIM_median_smoothed": 0.059918412919579826,
  "GENERO_CAPSU_median_smoothed": 0.053314128117473505,
  "GENERO_std_smoothed": 0.024093730339738426,
  "ESP_count": 0.016544303594221554,
  "GENERO_count": 0.013186025576778122,
  "GENERO_TRIM_count": 0.011607910207608445,
  "GENERO_CAPSU_count": 0.010828563360945948,
  "ESP_std_smoothed": 0.01035986546046189,
  "C.SOLIC": 0.009205360518492564,
  "C.SOLIC_LOG": 0.009131179301128662,
  "CLIMA_TRIM_mean_smoothed": 0.007337257911891967,
  "DIA_Aﾃ前_SIN": 0.007281353120778361,
  "DIA_Aﾃ前_COS": 0.00693587956230482,
  "DIA_Aﾃ前_SIEMBRA": 0.006861881118426986,
  "CLIMA_std_smoothed": 0.0067147731094619675,
  "CLIMA_TRIM_median_smoothed": 0.006478514684403336,
  "DIA_MES": 0.006189152977629829,
  "CLIMA_median_smoothed": 0.006057325864150946,
  "CLIMA_mean_smoothed": 0.005385942733262337,
  "SEMANA_Aﾃ前": 0.005368157051311264,
  "RATIO_STOCK_SOLIC": 0.0048019584098206195,
  "CLIMA_Warm": 0.004431473762589192,
  "ESPECIE_AGRUPADA_OTRAS": 0.0037820881971857476,
  "DIA_SEMANA": 0.0037523073178729214,
  "S.STOCK_LOG": 0.003368395038554855,
  "S.STOCK": 0.003230747910505036,
  "CLIMA_TRIM_count": 0.0031554340405053516,
  "MES_SIEMBRA": 0.0029074772319583188,
  "MES_SIN": 0.0028721217718281847,
  "ESPECIE_AGRUPADA_EPIDENDRUM ILENSE": 0.0028549132718044107,
  "CLIMA_count": 0.002663901111641788,
  "MES_COS": 0.002661957043699446,
  "CLIMA_Intermedio": 0.0020013640474510516,
  "ESPECIE_AGRUPADA_COMPARETTIA SPECIOSA": 0.001909176241689905,
  "ESPECIE_AGRUPADA_PHRAGMIPEDIUM PEPE PORTILLA": 0.001790059872093741,
  "CLIMA_Cool": 0.0012367693785964667,
  "CLIMA_TERMICO": 0.0012243310481617053,
  "TRIMESTRE_SIN": 0.0011656975910846964,
  "TRIMESTRE_COS": 0.0011194723513581974,
  "TRIMESTRE_SIEMBRA": 0.0010937359692373928,
  "CAPSU_median_smoothed": 0.0009337531389193421,
  "ESPECIE_AGRUPADA_CATTLEYA TRIANAE F COERULEA SPLASH CAMILA": 0.0009334191113743732,
  "CAPSU_mean_smoothed": 0.0009203858817472808,
  "CAPSU_count": 0.0009128447508581859,
  "CLIMA_IW": 0.0009017160701378032,
  "CAPSU_std_smoothed": 0.0008602462653258569,
  "ESPECIE_AGRUPADA_IXYOPHORA VIRIDISEPALA": 0.00074787735802892,
  "E.CAPSU_Cerrada": 0.0007457059954533993,
  "E.CAPSU_Abierta": 0.0007451999777624825,
  "ESPECIE_AGRUPADA_ANGULOA UNIFLORA": 0.0004774032815388984,
  "ESPECIE_AGRUPADA_PLEUROTHALLIS SP": 0.0004552953341438747,
  "CLIMA_IC": 0.00041158051067761146,
  "ESPECIE_AGRUPADA_EPIDENDRUM MEDUSAE": 0.0003869155962112204,
  "DISPONE": 0.0003286777543811124,
  "ESPECIE_AGRUPADA_CATTLEYA SCHROEDERAE": 0.0002941803723986862,
  "ESPECIE_AGRUPADA_PAPHIOPEDILUM ROTHSCHILDIANUM": 0.0002713822103304897,
  "ESPECIE_AGRUPADA_LEPANTHES TENTACULATA": 0.00026957207299753617,
  "ESPECIE_AGRUPADA_CATTLEYA LAWRENCEANA": 0.00026778873754417534,
  "ESPECIE_AGRUPADA_LEPANTHES TENTACULATA AUTOPOLI": 0.00026562408440153036,
  "ESPECIE_AGRUPADA_LEPANTHES TELIPOGONIFLORA AUTOPOLI": 0.00026432565271971176,
  "ESPECIE_AGRUPADA_LEPANTHES TELIPOGONIFLORA": 0.0002582575478928615,
  "ESPECIE_AGRUPADA_PHRAGMIPEDIUM APOLLO": 0.00024385666876825538,
  "ESPECIE_AGRUPADA_LEPANTHES CALODICTYON": 0.0002424048742859373,
  "ESPECIE_AGRUPADA_DRACULA LOTAX": 0.00023259457744442545,
  "ESPECIE_AGRUPADA_PHRAGMIPEDIUM VINGTAINE DES AUGRES": 0.00022838907309533524,
  "ESPECIE_AGRUPADA_PHRAGMIPEDIUM KOVACHII": 0.00022054832480035327,
  "ESPECIE_AGRUPADA_PHRAGMIPEDIUM ANGULOI AUTOPOLI": 0.00018621425274907428,
  "ESPECIE_AGRUPADA_PHRAGMIPEDIUM IVAN PORTILLA": 0.0001679293004922457,
  "ESPECIE_AGRUPADA_LEPANTHES UXORIA": 0.00015575212595169089,
  "E.CAPSU_Semiabiert": 0.00014948158998691165,
  "ESPECIE_AGRUPADA_DRACULA HIRTZII": 0.00013522043502764048,
  "ESPECIE_AGRUPADA_DRACULA ORIENTALIS": 0.00013092596099402088,
  "ESPECIE_AGRUPADA_PAPHIOPEDILUM ARMENIACUM": 0.00012144406662352805,
  "ESPECIE_AGRUPADA_CATTLEYA SKINNERI F ALBA": 0.00011512315639143411,
  "ESPECIE_AGRUPADA_LEPANTHES ORCHESTRIS": 0.00011204433260330179,
  "ESPECIE_AGRUPADA_LAELIA SINCORANA": 0.00011160438059743544,
  "ESPECIE_AGRUPADA_PHRAGMIPEDIUM ECUAGENERA RED SUNRISE": 0.00011037558361270848,
  "ESPECIE_AGRUPADA_ERYCINA PUSILLA": 0.00010722482651306756,
  "ESPECIE_AGRUPADA_LEPANTHES SALTATRIX": 0.00010549046162714125,
  "ESPECIE_AGRUPADA_LEPANTHES CALODICTYON AUTOPOLI": 8.84681715273052e-05,
  "ESPECIE_AGRUPADA_ENCYCLIA RANDII": 8.835427887662972e-05,
  "ESPECIE_AGRUPADA_TRISETELLA HOEIJERI": 8.605378119223927e-05,
  "ESPECIE_AGRUPADA_GONGORA SANDERIANA": 8.476275619715501e-05,
  "ESPECIE_AGRUPADA_EPIDENDRUM GRATISSIMUM": 8.102318612853847e-05,
  "ESPECIE_AGRUPADA_PHRAGMIPEDIUM MEMORIA MARIZA ROLANDO": 7.918023769158657e-05,
  "ESPECIE_AGRUPADA_PHRAGMIPEDIUM BOISSIERIANUM": 7.651597096429094e-05,
  "ESPECIE_AGRUPADA_MASDEVALLIA DEFORMIS": 6.797805928543e-05,
  "ESPECIE_AGRUPADA_PHRAGMIPEDIUM LONGIFOLIUM F ALBA": 6.797106278927553e-05,
  "ESPECIE_AGRUPADA_CATTLEYA KIAT TAN": 6.754308489622602e-05,
  "ESPECIE_AGRUPADA_CATTLEYA FREDIS J REFUNJOL": 6.677052029635132e-05,
  "ESPECIE_AGRUPADA_CATTLEYA INTERMEDIA F COERULEA GIGI": 6.42790253489163e-05,
  "ESPECIE_AGRUPADA_ERYCINA GLOSSOMYSTAX": 6.375278533939208e-05,
  "ESPECIE_AGRUPADA_SOBRALIA DICHOTOMA": 6.0212269496001665e-05,
  "ESPECIE_AGRUPADA_CATTLEYA MENDELII F COERULEA LA BONITA CODE 1569": 5.982175089679746e-05,
  "ESPECIE_AGRUPADA_MASDEVALLIA INGRIDIANA": 5.693456792949039e-05,
  "ESPECIE_AGRUPADA_PAPHIOPEDILUM DELENATII": 5.5323410043921125e-05,
  "ESPECIE_AGRUPADA_PHRAGMIPEDIUM ROSS OTTO": 5.495212014140015e-05,
  "ESPECIE_AGRUPADA_PHRAGMIPEDIUM HALEY DECKER": 5.428484521756738e-05,
  "ESPECIE_AGRUPADA_PAPHINIA CRISTATA": 5.1280157403051005e-05,
  "ESPECIE_AGRUPADA_FERNANDEZIA SUBBIFLORA": 4.938265062994976e-05,
  "ESPECIE_AGRUPADA_PHRAGMIPEDIUM ANAHI CARCHI": 4.8280657455076944e-05,
  "ESPECIE_AGRUPADA_CATTLEYA CRISPATA": 4.337363030723117e-05,
  "ESPECIE_AGRUPADA_STANHOPEA REICHENBACHIANA": 4.313650327271158e-05,
  "ESPECIE_AGRUPADA_ENCYCLIA NARANJAPATENSIS": 4.0043782216449405e-05,
  "ESPECIE_AGRUPADA_PHRAGMIPEDIUM LINDENII": 3.803389077167274e-05,
  "ESPECIE_AGRUPADA_PLEUROTHALLIS TRUNCATA": 3.574814749659403e-05,
  "ESPECIE_AGRUPADA_PHRAGMIPEDIUM RUBY SLIPPERS X PHRAGMIPEDIUM KOVACHII": 3.434305402689086e-05,
  "ESPECIE_AGRUPADA_HOULLETIA ODORATISSIMA": 3.399302679210979e-05,
  "ESPECIE_AGRUPADA_PHALAENOPSIS VIOLACEA": 3.374700111763209e-05,
  "ESPECIE_AGRUPADA_LYCASTE CINNABARINA": 3.285694009939229e-05,
  "ESPECIE_AGRUPADA_GONGORA CATILLIGERA": 3.249334297145323e-05,
  "ESPECIE_AGRUPADA_EPIDENDRUM SP": 2.9264980468474865e-05,
  "ESPECIE_AGRUPADA_PHRAGMIPEDIUM YELVA MYHRE X PHRAGMIPEDIUM BESSEAE": 2.850778374806158e-05,
  "ESPECIE_AGRUPADA_ANTHURIUM WATERBURYANUM AUTOPOLI": 2.8121224123439457e-05,
  "ESPECIE_AGRUPADA_COMPARETTIA FALCATA": 2.699627686170093e-05,
  "ESPECIE_AGRUPADA_MACROCLINIUM MANABINUM": 2.6911563913686885e-05,
  "ESPECIE_AGRUPADA_PHRAGMIPEDIUM PERUFLORAS SPIRIT": 2.5823216510539487e-05,
  "ESPECIE_AGRUPADA_EPIDENDRUM WALLISII": 2.289387465391585e-05,
  "ESPECIE_AGRUPADA_CATTLEYA LABIATA AMESIANA": 2.253675665384305e-05,
  "ESPECIE_AGRUPADA_WARCZEWICZELLA TIMBIENSIS": 2.2136431632258543e-05,
  "ESPECIE_AGRUPADA_PLEUROTHALLIS DODSONII": 2.1897848083220096e-05,
  "ESPECIE_AGRUPADA_PESCATORIA WALLISII": 2.109892542879413e-05,
  "ESPECIE_AGRUPADA_PHRAGMIPEDIUM INCAN TREASURE X PHRAG KOVACHII": 2.0135384918488437e-05,
  "ESPECIE_AGRUPADA_CATTLEYA WARSCEWICZII": 1.9615291061520285e-05,
  "ESPECIE_AGRUPADA_LAELIA CINNABARINA": 1.9399506199844216e-05,
  "ESPECIE_AGRUPADA_COMPARETTIA MACROPLECTRON": 1.858230567309835e-05,
  "ESPECIE_AGRUPADA_ANGULOA X ACOSTAE": 1.8446899382915022e-05,
  "ESPECIE_AGRUPADA_LEPANTHES INGRIDIANA": 1.8327521846809308e-05,